<?xml version="1.0" encoding="UTF-8"?>
<project-private xmlns="http://www.netbeans.org/ns/project-private/1">
    <editor-bookmarks xmlns="http://www.netbeans.org/ns/editor-bookmarks/2" lastBookmarkId="0"/>
    <open-files xmlns="http://www.netbeans.org/ns/projectui-open-files/2">
        <group>
            <file>file:/E:/ParkingManagementSystem/src/UI/SearchRegistrationPanel.java</file>
            <file>file:/E:/ParkingManagementSystem/src/DatabaseInteraction/DatabaseHandler.java</file>
            <file>file:/E:/ParkingManagementSystem/src/UI/MainUI.java</file>
            <file>file:/E:/ParkingManagementSystem/src/DatabaseInteraction/PlateQ.java</file>
            <file>file:/E:/ParkingManagementSystem/src/Registrant/ParkingPass.java</file>
            <file>file:/E:/ParkingManagementSystem/src/UI/ParkingSystem.java</file>
        </group>
    </open-files>
</project-private>
